cell_id,cell_area,cell_volume,cell_isoperimetric_ratio,cell_neighbors,cell_nb_of_neighbors,cell_principal_axis,cell_elongation,cell_contact_area_fraction
1,3777.6405417416954,15770.666666666666,216.75133794545468,2 3,2,1.21e-15 1.22e-15 1.00e+00,1.5811388300841895,0.4071942512606237
2,3777.6405417416954,15770.666666666666,216.75133794545468,1 4,2,-1.20e-15 0.00e+00 -1.00e+00,1.581138830084189,0.4071942512606237
3,3777.6405417416954,15770.666666666666,216.75133794545468,1 4,2,-0.00e+00 -1.20e-15 -1.00e+00,1.581138830084189,0.4071942512606237
4,3777.6405417416954,15770.666666666666,216.75133794545468,2 3,2,0.00e+00 0.00e+00 1.00e+00,1.581138830084192,0.4071942512606237
