cell_id,cell_area,cell_volume,cell_isoperimetric_ratio,cell_neighbors,cell_nb_of_neighbors,cell_principal_axis,cell_elongation,cell_contact_area_fraction
1,7.4781633144965785,1.7256330014453092,140.43907514564307,2 3 4 5 6 7,6,-1.52e-02 -1.52e-02 1.00e+00,1.4952272519486156,0.19780564675570525
2,7.478163342182109,1.7256330079375692,140.4390756487032,1 3 4 5 6 8,6,-1.52e-02 -1.52e-02 1.00e+00,1.4952272634623454,0.3107254461147531
3,7.478163284052256,1.725633000037296,140.43907365959984,1 2 4 5 7 8,6,-1.52e-02 -1.52e-02 1.00e+00,1.4952272584633677,0.19780564305584014
4,7.478163283791206,1.72563299883665,140.43907384031937,1 2 3 6 7 8,6,-1.52e-02 -1.52e-02 1.00e+00,1.4952272464648984,0.40493672053077817
5,7.478163836988159,1.7256331495086594,140.4390804826418,1 2 3 6 7 8,6,-1.52e-02 -1.52e-02 1.00e+00,1.495227324636662,0.3060339109946285
6,7.478163304319642,1.7256330035772542,140.43907422526505,1 2 4 5 7 8,6,-1.52e-02 -1.52e-02 1.00e+00,1.4952272491468892,0.0
7,7.47816333200516,1.7256330100695148,140.4390747283244,1 3 4 5 6 8,6,-1.52e-02 -1.52e-02 1.00e+00,1.495227260660607,0.30546903877339654
8,7.4781632738752934,1.725633002169249,140.43907273921909,2 3 4 5 6 7,6,-1.52e-02 -1.52e-02 1.00e+00,1.4952272556616433,0.09890282148255525
